<?xml version='1.0' encoding='UTF-8'?>
<hudson.tasks.Mailer_-DescriptorImpl plugin="mailer@1.15">
  <hudsonUrl>https://jenkins.fallenofftheedge.com:8586/</hudsonUrl>
  <smtpAuthUsername>servgud777@gmail.com</smtpAuthUsername>
  <smtpAuthPassword>0xWd0rrVDRU/OaX0YjPtKjIyvFFEQl5Po5vrUy5AeTA=</smtpAuthPassword>
  <replyToAddress>&quot;Jenkins Server &lt;servgud777@gmail.com&gt;&quot;</replyToAddress>
  <smtpHost>smtp.gmail.com</smtpHost>
  <useSsl>true</useSsl>
  <smtpPort>465</smtpPort>
  <charset>UTF-8</charset>
</hudson.tasks.Mailer_-DescriptorImpl>