<?xml version='1.0' encoding='UTF-8'?>
<org.jvnet.hudson.plugins.thinbackup.backup.PluginList plugin="thinBackup@1.7.4">
  <plugins>
    <entry>
      <string>ssh-credentials</string>
      <string>1.10</string>
    </entry>
    <entry>
      <string>htmlpublisher</string>
      <string>1.3</string>
    </entry>
    <entry>
      <string>translation</string>
      <string>1.10</string>
    </entry>
    <entry>
      <string>publish-over-ftp</string>
      <string>1.11</string>
    </entry>
    <entry>
      <string>scm-api</string>
      <string>0.2</string>
    </entry>
    <entry>
      <string>javadoc</string>
      <string>1.1</string>
    </entry>
    <entry>
      <string>antisamy-markup-formatter</string>
      <string>1.1</string>
    </entry>
    <entry>
      <string>mailer</string>
      <string>1.15</string>
    </entry>
    <entry>
      <string>maven-plugin</string>
      <string>2.5</string>
    </entry>
    <entry>
      <string>violations</string>
      <string>0.7.11</string>
    </entry>
    <entry>
      <string>windows-slaves</string>
      <string>1.0</string>
    </entry>
    <entry>
      <string>subversion</string>
      <string>1.54</string>
    </entry>
    <entry>
      <string>simple-theme-plugin</string>
      <string>0.3</string>
    </entry>
    <entry>
      <string>script-security</string>
      <string>1.12</string>
    </entry>
    <entry>
      <string>external-monitor-job</string>
      <string>1.2</string>
    </entry>
    <entry>
      <string>credentials</string>
      <string>1.20</string>
    </entry>
    <entry>
      <string>cvs</string>
      <string>2.11</string>
    </entry>
    <entry>
      <string>ssh-slaves</string>
      <string>1.8</string>
    </entry>
    <entry>
      <string>ant</string>
      <string>1.2</string>
    </entry>
    <entry>
      <string>log-parser</string>
      <string>1.0.8</string>
    </entry>
    <entry>
      <string>github-api</string>
      <string>1.59</string>
    </entry>
    <entry>
      <string>pam-auth</string>
      <string>1.1</string>
    </entry>
    <entry>
      <string>Hudson core</string>
      <string>1.580.3</string>
    </entry>
    <entry>
      <string>git-client</string>
      <string>1.16.1</string>
    </entry>
    <entry>
      <string>matrix-auth</string>
      <string>1.1</string>
    </entry>
    <entry>
      <string>git</string>
      <string>2.3.4</string>
    </entry>
    <entry>
      <string>junit</string>
      <string>1.4</string>
    </entry>
    <entry>
      <string>ldap</string>
      <string>1.6</string>
    </entry>
    <entry>
      <string>token-macro</string>
      <string>1.10</string>
    </entry>
    <entry>
      <string>matrix-project</string>
      <string>1.4</string>
    </entry>
    <entry>
      <string>ftppublisher</string>
      <string>1.2</string>
    </entry>
    <entry>
      <string>github</string>
      <string>1.10</string>
    </entry>
    <entry>
      <string>cobertura</string>
      <string>1.9.6</string>
    </entry>
    <entry>
      <string>thinBackup</string>
      <string>1.7.4</string>
    </entry>
  </plugins>
</org.jvnet.hudson.plugins.thinbackup.backup.PluginList>