<?xml version='1.0' encoding='UTF-8'?>
<jenkins.plugins.publish__over__ftp.BapFtpPublisherPlugin_-Descriptor plugin="publish-over-ftp@1.11">
  <hostConfigurations>
    <jenkins.plugins.publish__over__ftp.BapFtpHostConfiguration>
      <name>WebServer.ChessWWW</name>
      <hostname>192.168.1.222</hostname>
      <username>chess|Jenkins</username>
      <secretPassword>YdDPOY2LwWCSbmY4pi/yjWiyIp/9KWDN0zsvGz8sxro=</secretPassword>
      <remoteRootDir>/</remoteRootDir>
      <port>21</port>
      <timeout>300000</timeout>
      <useActiveData>false</useActiveData>
      <disableMakeNestedDirs>false</disableMakeNestedDirs>
      <disableRemoteVerification>false</disableRemoteVerification>
    </jenkins.plugins.publish__over__ftp.BapFtpHostConfiguration>
    <jenkins.plugins.publish__over__ftp.BapFtpHostConfiguration>
      <name>WebServer.AppleQuest</name>
      <hostname>192.168.1.222</hostname>
      <username>applequest|Jenkins</username>
      <secretPassword>YdDPOY2LwWCSbmY4pi/yjWiyIp/9KWDN0zsvGz8sxro=</secretPassword>
      <remoteRootDir>/</remoteRootDir>
      <port>21</port>
      <timeout>300000</timeout>
      <useActiveData>false</useActiveData>
      <disableMakeNestedDirs>false</disableMakeNestedDirs>
      <disableRemoteVerification>false</disableRemoteVerification>
    </jenkins.plugins.publish__over__ftp.BapFtpHostConfiguration>
  </hostConfigurations>
  <defaults class="jenkins.plugins.publish_over_ftp.options.FtpPluginDefaults"/>
</jenkins.plugins.publish__over__ftp.BapFtpPublisherPlugin_-Descriptor>