<?xml version='1.0' encoding='UTF-8'?>
<result plugin="junit@1.4">
  <suites>
    <suite>
      <file>D:\Jenkins\jobs\AppleQuest\workspace\python_tests_xml\TEST-tests.test_libary.VarsTestCase-20150215141342.xml</file>
      <name>tests.test_libary.VarsTestCase-20150215141342</name>
      <stdout>
	</stdout>
      <stderr>
	</stderr>
      <duration>0.002</duration>
      <cases>
        <case>
          <duration>0.0</duration>
          <className>tests.test_libary.VarsTestCase</className>
          <testName>test_DB_DIR</testName>
          <skipped>false</skipped>
          <failedSince>0</failedSince>
        </case>
        <case>
          <duration>0.0</duration>
          <className>tests.test_libary.VarsTestCase</className>
          <testName>test_HTML_DIR</testName>
          <skipped>false</skipped>
          <failedSince>0</failedSince>
        </case>
        <case>
          <duration>0.002</duration>
          <className>tests.test_libary.VarsTestCase</className>
          <testName>test_REDIRECT_DIR</testName>
          <skipped>false</skipped>
          <errorStackTrace>
Traceback (most recent call last):
  File &quot;D:\Jenkins\jobs\AppleQuest\workspace\wwwApp\tests\test_libary.py&quot;, line 37, in test_REDIRECT_DIR
    self.assertEqual(lib.REDIRECT_DIR, &apos;html\\redirect\\&apos;)
AssertionError: &apos;redirect\\&apos; != &apos;html\\redirect\\&apos;
- redirect\
+ html\redirect\
? +++++

		</errorStackTrace>
          <errorDetails>&apos;redirect\\&apos; != &apos;html\\redirect\\&apos; - redirect\ + html\redirect\ ? +++++ </errorDetails>
          <failedSince>0</failedSince>
        </case>
      </cases>
    </suite>
  </suites>
  <duration>0.002</duration>
  <keepLongStdio>true</keepLongStdio>
</result>