<?xml version='1.0' encoding='UTF-8'?>
<result plugin="junit@1.0">
  <suites>
    <suite>
      <file>D:\Jenkins\jobs\AppleQuest\workspace\python_tests_xml\TEST-tests.test_libary.VarsTestCase-20150212191705.xml</file>
      <name>tests.test_libary.VarsTestCase-20150212191705</name>
      <stdout>
	</stdout>
      <stderr>
	</stderr>
      <duration>0.0</duration>
      <cases>
        <case>
          <duration>0.0</duration>
          <className>tests.test_libary.VarsTestCase</className>
          <testName>test_DB_DIR</testName>
          <skipped>false</skipped>
          <failedSince>0</failedSince>
        </case>
        <case>
          <duration>0.0</duration>
          <className>tests.test_libary.VarsTestCase</className>
          <testName>test_HTML_DIR</testName>
          <skipped>false</skipped>
          <failedSince>0</failedSince>
        </case>
        <case>
          <duration>0.0</duration>
          <className>tests.test_libary.VarsTestCase</className>
          <testName>test_REDIRECT_DIR</testName>
          <skipped>false</skipped>
          <failedSince>0</failedSince>
        </case>
      </cases>
    </suite>
  </suites>
  <duration>0.0</duration>
  <keepLongStdio>true</keepLongStdio>
</result>