<?xml version='1.0' encoding='UTF-8'?>
<result plugin="junit@1.0">
  <suites>
    <suite>
      <file>D:\Jenkins\jobs\AppleQuest\workspace\python_tests_xml\TEST-tests.boss_test_for_thing.MyTestCase-20150210225000.xml</file>
      <name>tests.boss_test_for_thing.MyTestCase-20150210225000</name>
      <stdout>
	</stdout>
      <stderr>
	</stderr>
      <duration>0.0</duration>
      <cases>
        <case>
          <duration>0.0</duration>
          <className>tests.boss_test_for_thing.MyTestCase</className>
          <testName>test_format</testName>
          <skipped>false</skipped>
          <failedSince>0</failedSince>
        </case>
        <case>
          <duration>0.0</duration>
          <className>tests.boss_test_for_thing.MyTestCase</className>
          <testName>test_nothing</testName>
          <skipped>false</skipped>
          <failedSince>0</failedSince>
        </case>
        <case>
          <duration>0.0</duration>
          <className>tests.boss_test_for_thing.MyTestCase</className>
          <testName>test_windows_support</testName>
          <skipped>false</skipped>
          <failedSince>0</failedSince>
        </case>
      </cases>
    </suite>
    <suite>
      <file>D:\Jenkins\jobs\AppleQuest\workspace\python_tests_xml\TEST-tests.some_test.MyTestCase-20150210225000.xml</file>
      <name>tests.some_test.MyTestCase-20150210225000</name>
      <stdout>
	</stdout>
      <stderr>
	</stderr>
      <duration>0.0</duration>
      <cases>
        <case>
          <duration>0.0</duration>
          <className>tests.some_test.MyTestCase</className>
          <testName>test_format</testName>
          <skipped>false</skipped>
          <failedSince>0</failedSince>
        </case>
        <case>
          <duration>0.0</duration>
          <className>tests.some_test.MyTestCase</className>
          <testName>test_nothing</testName>
          <skipped>false</skipped>
          <failedSince>0</failedSince>
        </case>
        <case>
          <duration>0.0</duration>
          <className>tests.some_test.MyTestCase</className>
          <testName>test_windows_support</testName>
          <skipped>false</skipped>
          <failedSince>0</failedSince>
        </case>
      </cases>
    </suite>
    <suite>
      <file>D:\Jenkins\jobs\AppleQuest\workspace\python_tests_xml\TEST-tests.test_thisthing.MyTestCase-20150210225000.xml</file>
      <name>tests.test_thisthing.MyTestCase-20150210225000</name>
      <stdout>
	</stdout>
      <stderr>
	</stderr>
      <duration>0.001</duration>
      <cases>
        <case>
          <duration>0.001</duration>
          <className>tests.test_thisthing.MyTestCase</className>
          <testName>test_format</testName>
          <skipped>false</skipped>
          <failedSince>0</failedSince>
        </case>
        <case>
          <duration>0.0</duration>
          <className>tests.test_thisthing.MyTestCase</className>
          <testName>test_nothing</testName>
          <skipped>false</skipped>
          <failedSince>0</failedSince>
        </case>
        <case>
          <duration>0.0</duration>
          <className>tests.test_thisthing.MyTestCase</className>
          <testName>test_windows_support</testName>
          <skipped>false</skipped>
          <failedSince>0</failedSince>
        </case>
      </cases>
    </suite>
  </suites>
  <duration>0.001</duration>
  <keepLongStdio>true</keepLongStdio>
</result>